Security Risk Assessment,,,,,,,,
Risk #,Risk ,Risk Family,Control,Liklihood,Impact,Reasoning,Mitigating Controls,Total Risk Score
1,Using AES-128 Encryption which is weak method to encrypt data,Data at Rest,VPC3 File storage only supports AES-128 Encryption,Medium,High,AES-128 is a weak encryption method that will not provide the necessary data protection and is easy to hack,change to a powerful data method encryption such as AES-256 which has the longest key and more secure ,High
2,"Information in unencrypted databases is at risk of being compromised, stolen or tampered with it",Data at Rest,Databases in production are unencrypted,High,High,Database may have sensitive and confidential information that we want it to be secret and leaking this information may damage the company's reputation,Database must be encrypted to protect information,High
2b,Fines for non-compliance with the laws of the HIPAA,Data at Rest,Databases in production are unencrypted,Medium,Medium,"According to HIPAA, database must encryption to protect health information (PHI) and electronic PHI (ePHI) of patients when the data is at rest and ?ot complying with HIPAA Policyes may expose the company to financial fines",Database must be encrypted to  protect health information (PHI) and electronic PHI (ePHI) of patients and avoid financial fines,Medium
3,Seven digit is too short password and its easliy to attacker to crack it,User Access,Internal network users require a 7-character password,Medium,High," Short passwords can be easily crackrd or broken by using tools that do dictionary or brute force attacks, which can be exploited to penetrate the company and steal information or carry out malware attacks","passwords must contain at least a minimum of 8 characters, With some conditions such as, it should contain an uppercase letter, a lowercase letter, numbers, and symbols to make it hard to crack",High
4,Never expire passwords may become vulnerability in the system,User Access,Passwords never expire,Low,Medium,Never expire passwords may cracked in long term,It should expires after 90 days and after that it should be changed to different one,Medium
5,"If the system does not have MAF on it, it will be vulnerable to unauthorised access",User Access,VPN Access does not require MFA,Medium,High,MFA will provide higher degrees of identity assurance of a user attempting to access a resource via VPN also it will securing any personal information available online and it will protect the system,applying MFA to VPN,High
6, TLS 1.1 was formally deprecated in March 2021 whice mean is not secure to use it. Also it is vulnerable to downgrade attacks since it is rely on SHA-1 hash for the integrity of exchanged messages.,Network security,TLS V1.1 is used between the cloud production environment and SwiftTech’s physical location,High,High,TLS 1.1 rely on SHA-1 hash for the integrity of exchanged messages whice is broken,Use TLS 1.2 instead of Using TLS 1.1,High
7,Hacking the development tire may put server into risk,Network security,Application development Tiers are not logically segmented from Business Application servers,Medium,High,It may make the server exposed,Application development tiers and Business Application servers must decouple ,High
7b,Threat actor may unauthorized access to the servers which make the system to be exposed,Network security,Application development Tiers are not logically segmented from Business Application servers,Medium,High,Unauthorized access to the server may harm the system or the company's reputation by installing malicious software or stealing sensitive information.,Application development tiers and Business Application servers must decouple ,High
8,unpatched server is vulnerability and may be exploited by hacker to carry out harm to the system,Valnerability Management,Development Tier servers are unpatched and contain multiple vulnerabilities,High,High,Unpatched server is vulnerability and easy to hacked,Update the server and make scan to check the vulnerability ,High
9,Unscanned codes may contain malware that allow the hacker to gain unauthorized access to the application or system,Secure Code,Application code is not scanned for vulnerabilities before being published into production environment,Medium,High,Hacker may gain unauthorized access to the application or system,"Application code should be scanned, and it should be tested before being published into production environment",High
,,,,,,,,
Notes:,,,,,,,,
Risk - descriptions should be some reasonable approximation of what is written above but does not need to be exact,,,,,,,,
"Reasoning - The reasoning should approximately match to the user's assessment of the likelihood and impact of a potential risk.  If, for instance the likelihood and impact are marked high, the reasoning should reflect why it might be high",,,,,,,,
,,,,,,,,
Mitigating Controls - For the purpose of this exercise we did not include mitigating controls,,,,,,,,
,,,,,,,,
"Total Risk Score - Should not be less than a reasonable approximation of the likelihood x impact.  For instance, if L=High and I=High (and no mitigating control exists) then Risk cannot equal Low",,,,,,,,
